horizon,n_features,r2,dropped
24,26,0.3235474075103749,
24,25,0.32369453239913537,aqi_change_rate
24,24,0.32438258232851713,"rolling_30day_avg, aqi_change_rate"
24,23,0.3243535031802497,"hour, rolling_30day_avg, aqi_change_rate"
24,22,0.32287446905625095,"co, hour, rolling_30day_avg, aqi_change_rate"
24,21,0.3229041835461651,"aqi_rolling_24h, co, hour, rolling_30day_avg, aqi_change_rate"
24,20,0.32439570678380836,"aqi_lag_48h, aqi_rolling_24h, co, hour, rolling_30day_avg, aqi_change_rate"
24,19,0.3196533941646137,"so2, aqi_lag_48h, aqi_rolling_24h, co, hour, rolling_30day_avg, aqi_change_rate"
24,18,0.31615906051126175,"temperature, so2, aqi_lag_48h, aqi_rolling_24h, co, hour, rolling_30day_avg, aqi_change_rate"
24,17,0.31976082260511296,"wind_speed, temperature, so2, aqi_lag_48h, aqi_rolling_24h, co, hour, rolling_30day_avg, aqi_change_rate"
24,16,0.32391018003144056,"no2, wind_speed, temperature, so2, aqi_lag_48h, aqi_rolling_24h, co, hour, rolling_30day_avg, aqi_change_rate"
24,15,0.325438264347091,"is_weekend, no2, wind_speed, temperature, so2, aqi_lag_48h, aqi_rolling_24h, co, hour, rolling_30day_avg, aqi_change_rate"
24,14,0.32562951528636486,"pm2_5, is_weekend, no2, wind_speed, temperature, so2, aqi_lag_48h, aqi_rolling_24h, co, hour, rolling_30day_avg, aqi_change_rate"
24,13,0.3284288192822953,"pm2_5_lag_48h, pm2_5, is_weekend, no2, wind_speed, temperature, so2, aqi_lag_48h, aqi_rolling_24h, co, hour, rolling_30day_avg, aqi_change_rate"
24,12,0.3269486021918683,"pressure, pm2_5_lag_48h, pm2_5, is_weekend, no2, wind_speed, temperature, so2, aqi_lag_48h, aqi_rolling_24h, co, hour, rolling_30day_avg, aqi_change_rate"
24,11,0.3288996385978692,"pm10, pressure, pm2_5_lag_48h, pm2_5, is_weekend, no2, wind_speed, temperature, so2, aqi_lag_48h, aqi_rolling_24h, co, hour, rolling_30day_avg, aqi_change_rate"
24,10,0.32950430262712493,"pm2_5_lag_72h, pm10, pressure, pm2_5_lag_48h, pm2_5, is_weekend, no2, wind_speed, temperature, so2, aqi_lag_48h, aqi_rolling_24h, co, hour, rolling_30day_avg, aqi_change_rate"
24,9,0.339718237293005,"o3, pm2_5_lag_72h, pm10, pressure, pm2_5_lag_48h, pm2_5, is_weekend, no2, wind_speed, temperature, so2, aqi_lag_48h, aqi_rolling_24h, co, hour, rolling_30day_avg, aqi_change_rate"
24,8,0.33710892642720003,"aqi_rolling_6h, o3, pm2_5_lag_72h, pm10, pressure, pm2_5_lag_48h, pm2_5, is_weekend, no2, wind_speed, temperature, so2, aqi_lag_48h, aqi_rolling_24h, co, hour, rolling_30day_avg, aqi_change_rate"
24,7,0.3450300106478337,"rolling_30day_std, aqi_rolling_6h, o3, pm2_5_lag_72h, pm10, pressure, pm2_5_lag_48h, pm2_5, is_weekend, no2, wind_speed, temperature, so2, aqi_lag_48h, aqi_rolling_24h, co, hour, rolling_30day_avg, aqi_change_rate"
24,6,0.3501924657117963,"day_of_week, rolling_30day_std, aqi_rolling_6h, o3, pm2_5_lag_72h, pm10, pressure, pm2_5_lag_48h, pm2_5, is_weekend, no2, wind_speed, temperature, so2, aqi_lag_48h, aqi_rolling_24h, co, hour, rolling_30day_avg, aqi_change_rate"
24,5,0.34961766545361417,"pm2_5_lag_24h, day_of_week, rolling_30day_std, aqi_rolling_6h, o3, pm2_5_lag_72h, pm10, pressure, pm2_5_lag_48h, pm2_5, is_weekend, no2, wind_speed, temperature, so2, aqi_lag_48h, aqi_rolling_24h, co, hour, rolling_30day_avg, aqi_change_rate"
24,4,0.3428262423022381,"humidity, pm2_5_lag_24h, day_of_week, rolling_30day_std, aqi_rolling_6h, o3, pm2_5_lag_72h, pm10, pressure, pm2_5_lag_48h, pm2_5, is_weekend, no2, wind_speed, temperature, so2, aqi_lag_48h, aqi_rolling_24h, co, hour, rolling_30day_avg, aqi_change_rate"
24,3,0.3264653807087934,"aqi_lag_72h, humidity, pm2_5_lag_24h, day_of_week, rolling_30day_std, aqi_rolling_6h, o3, pm2_5_lag_72h, pm10, pressure, pm2_5_lag_48h, pm2_5, is_weekend, no2, wind_speed, temperature, so2, aqi_lag_48h, aqi_rolling_24h, co, hour, rolling_30day_avg, aqi_change_rate"
48,26,0.16005465669145202,
48,25,0.16011236217216107,aqi_change_rate
48,24,0.15973223784583257,"rolling_30day_avg, aqi_change_rate"
48,23,0.16009548165093856,"hour, rolling_30day_avg, aqi_change_rate"
48,22,0.1617980581056443,"co, hour, rolling_30day_avg, aqi_change_rate"
48,21,0.16188241569653672,"aqi_rolling_24h, co, hour, rolling_30day_avg, aqi_change_rate"
48,20,0.1613545737781129,"aqi_lag_48h, aqi_rolling_24h, co, hour, rolling_30day_avg, aqi_change_rate"
48,19,0.16340466149389754,"so2, aqi_lag_48h, aqi_rolling_24h, co, hour, rolling_30day_avg, aqi_change_rate"
48,18,0.16234995583175116,"temperature, so2, aqi_lag_48h, aqi_rolling_24h, co, hour, rolling_30day_avg, aqi_change_rate"
48,17,0.15218927332124976,"wind_speed, temperature, so2, aqi_lag_48h, aqi_rolling_24h, co, hour, rolling_30day_avg, aqi_change_rate"
48,16,0.15315118221178792,"no2, wind_speed, temperature, so2, aqi_lag_48h, aqi_rolling_24h, co, hour, rolling_30day_avg, aqi_change_rate"
48,15,0.15199250679431675,"is_weekend, no2, wind_speed, temperature, so2, aqi_lag_48h, aqi_rolling_24h, co, hour, rolling_30day_avg, aqi_change_rate"
48,14,0.16188398342662103,"pm2_5, is_weekend, no2, wind_speed, temperature, so2, aqi_lag_48h, aqi_rolling_24h, co, hour, rolling_30day_avg, aqi_change_rate"
48,13,0.1613859148772887,"pm2_5_lag_48h, pm2_5, is_weekend, no2, wind_speed, temperature, so2, aqi_lag_48h, aqi_rolling_24h, co, hour, rolling_30day_avg, aqi_change_rate"
48,12,0.15489127361053534,"pressure, pm2_5_lag_48h, pm2_5, is_weekend, no2, wind_speed, temperature, so2, aqi_lag_48h, aqi_rolling_24h, co, hour, rolling_30day_avg, aqi_change_rate"
48,11,0.15490564224864467,"pm10, pressure, pm2_5_lag_48h, pm2_5, is_weekend, no2, wind_speed, temperature, so2, aqi_lag_48h, aqi_rolling_24h, co, hour, rolling_30day_avg, aqi_change_rate"
48,10,0.15285786186769723,"pm2_5_lag_72h, pm10, pressure, pm2_5_lag_48h, pm2_5, is_weekend, no2, wind_speed, temperature, so2, aqi_lag_48h, aqi_rolling_24h, co, hour, rolling_30day_avg, aqi_change_rate"
48,9,0.15720983907358443,"o3, pm2_5_lag_72h, pm10, pressure, pm2_5_lag_48h, pm2_5, is_weekend, no2, wind_speed, temperature, so2, aqi_lag_48h, aqi_rolling_24h, co, hour, rolling_30day_avg, aqi_change_rate"
48,8,0.15597333186918172,"aqi_rolling_6h, o3, pm2_5_lag_72h, pm10, pressure, pm2_5_lag_48h, pm2_5, is_weekend, no2, wind_speed, temperature, so2, aqi_lag_48h, aqi_rolling_24h, co, hour, rolling_30day_avg, aqi_change_rate"
48,7,0.16060667502894566,"rolling_30day_std, aqi_rolling_6h, o3, pm2_5_lag_72h, pm10, pressure, pm2_5_lag_48h, pm2_5, is_weekend, no2, wind_speed, temperature, so2, aqi_lag_48h, aqi_rolling_24h, co, hour, rolling_30day_avg, aqi_change_rate"
48,6,0.17738602356567734,"day_of_week, rolling_30day_std, aqi_rolling_6h, o3, pm2_5_lag_72h, pm10, pressure, pm2_5_lag_48h, pm2_5, is_weekend, no2, wind_speed, temperature, so2, aqi_lag_48h, aqi_rolling_24h, co, hour, rolling_30day_avg, aqi_change_rate"
48,5,0.18054879010009794,"pm2_5_lag_24h, day_of_week, rolling_30day_std, aqi_rolling_6h, o3, pm2_5_lag_72h, pm10, pressure, pm2_5_lag_48h, pm2_5, is_weekend, no2, wind_speed, temperature, so2, aqi_lag_48h, aqi_rolling_24h, co, hour, rolling_30day_avg, aqi_change_rate"
48,4,0.19310413965254425,"humidity, pm2_5_lag_24h, day_of_week, rolling_30day_std, aqi_rolling_6h, o3, pm2_5_lag_72h, pm10, pressure, pm2_5_lag_48h, pm2_5, is_weekend, no2, wind_speed, temperature, so2, aqi_lag_48h, aqi_rolling_24h, co, hour, rolling_30day_avg, aqi_change_rate"
48,3,0.14498313868171886,"aqi_lag_72h, humidity, pm2_5_lag_24h, day_of_week, rolling_30day_std, aqi_rolling_6h, o3, pm2_5_lag_72h, pm10, pressure, pm2_5_lag_48h, pm2_5, is_weekend, no2, wind_speed, temperature, so2, aqi_lag_48h, aqi_rolling_24h, co, hour, rolling_30day_avg, aqi_change_rate"
72,26,0.10919113537307179,
72,25,0.10967013981686924,aqi_change_rate
72,24,0.11513537777538574,"rolling_30day_avg, aqi_change_rate"
72,23,0.11714364837541102,"hour, rolling_30day_avg, aqi_change_rate"
72,22,0.11273388501993797,"co, hour, rolling_30day_avg, aqi_change_rate"
72,21,0.11091470708174256,"aqi_rolling_24h, co, hour, rolling_30day_avg, aqi_change_rate"
72,20,0.11181449737124216,"aqi_lag_48h, aqi_rolling_24h, co, hour, rolling_30day_avg, aqi_change_rate"
72,19,0.12088730818389037,"so2, aqi_lag_48h, aqi_rolling_24h, co, hour, rolling_30day_avg, aqi_change_rate"
72,18,0.11925504467152204,"temperature, so2, aqi_lag_48h, aqi_rolling_24h, co, hour, rolling_30day_avg, aqi_change_rate"
72,17,0.10073639547614688,"wind_speed, temperature, so2, aqi_lag_48h, aqi_rolling_24h, co, hour, rolling_30day_avg, aqi_change_rate"
72,16,0.10056121555323883,"no2, wind_speed, temperature, so2, aqi_lag_48h, aqi_rolling_24h, co, hour, rolling_30day_avg, aqi_change_rate"
72,15,0.10415578657487068,"is_weekend, no2, wind_speed, temperature, so2, aqi_lag_48h, aqi_rolling_24h, co, hour, rolling_30day_avg, aqi_change_rate"
72,14,0.10351763974216255,"pm2_5, is_weekend, no2, wind_speed, temperature, so2, aqi_lag_48h, aqi_rolling_24h, co, hour, rolling_30day_avg, aqi_change_rate"
72,13,0.09678901546798813,"pm2_5_lag_48h, pm2_5, is_weekend, no2, wind_speed, temperature, so2, aqi_lag_48h, aqi_rolling_24h, co, hour, rolling_30day_avg, aqi_change_rate"
72,12,0.1035460428429712,"pressure, pm2_5_lag_48h, pm2_5, is_weekend, no2, wind_speed, temperature, so2, aqi_lag_48h, aqi_rolling_24h, co, hour, rolling_30day_avg, aqi_change_rate"
72,11,0.101317889789597,"pm10, pressure, pm2_5_lag_48h, pm2_5, is_weekend, no2, wind_speed, temperature, so2, aqi_lag_48h, aqi_rolling_24h, co, hour, rolling_30day_avg, aqi_change_rate"
72,10,0.09934179770785989,"pm2_5_lag_72h, pm10, pressure, pm2_5_lag_48h, pm2_5, is_weekend, no2, wind_speed, temperature, so2, aqi_lag_48h, aqi_rolling_24h, co, hour, rolling_30day_avg, aqi_change_rate"
72,9,0.09978345668697863,"o3, pm2_5_lag_72h, pm10, pressure, pm2_5_lag_48h, pm2_5, is_weekend, no2, wind_speed, temperature, so2, aqi_lag_48h, aqi_rolling_24h, co, hour, rolling_30day_avg, aqi_change_rate"
72,8,0.10044836434708226,"aqi_rolling_6h, o3, pm2_5_lag_72h, pm10, pressure, pm2_5_lag_48h, pm2_5, is_weekend, no2, wind_speed, temperature, so2, aqi_lag_48h, aqi_rolling_24h, co, hour, rolling_30day_avg, aqi_change_rate"
72,7,0.12624864582075457,"rolling_30day_std, aqi_rolling_6h, o3, pm2_5_lag_72h, pm10, pressure, pm2_5_lag_48h, pm2_5, is_weekend, no2, wind_speed, temperature, so2, aqi_lag_48h, aqi_rolling_24h, co, hour, rolling_30day_avg, aqi_change_rate"
72,6,0.1281974506393888,"day_of_week, rolling_30day_std, aqi_rolling_6h, o3, pm2_5_lag_72h, pm10, pressure, pm2_5_lag_48h, pm2_5, is_weekend, no2, wind_speed, temperature, so2, aqi_lag_48h, aqi_rolling_24h, co, hour, rolling_30day_avg, aqi_change_rate"
72,5,0.129373807324504,"pm2_5_lag_24h, day_of_week, rolling_30day_std, aqi_rolling_6h, o3, pm2_5_lag_72h, pm10, pressure, pm2_5_lag_48h, pm2_5, is_weekend, no2, wind_speed, temperature, so2, aqi_lag_48h, aqi_rolling_24h, co, hour, rolling_30day_avg, aqi_change_rate"
72,4,0.12974623801829022,"humidity, pm2_5_lag_24h, day_of_week, rolling_30day_std, aqi_rolling_6h, o3, pm2_5_lag_72h, pm10, pressure, pm2_5_lag_48h, pm2_5, is_weekend, no2, wind_speed, temperature, so2, aqi_lag_48h, aqi_rolling_24h, co, hour, rolling_30day_avg, aqi_change_rate"
72,3,0.09702241192158434,"aqi_lag_72h, humidity, pm2_5_lag_24h, day_of_week, rolling_30day_std, aqi_rolling_6h, o3, pm2_5_lag_72h, pm10, pressure, pm2_5_lag_48h, pm2_5, is_weekend, no2, wind_speed, temperature, so2, aqi_lag_48h, aqi_rolling_24h, co, hour, rolling_30day_avg, aqi_change_rate"
